facility_id,scene_id,datetime,cloud_cover,self_href,data_href
akcansa-buyukcekmece,ENMAP01-____L2A-DT0000196528_20260525T093246Z_004_V010506_20260526T153030Z,2026-05-25T09:32:48.560409Z,1.0,/ida/hyperspectral/EnMAP/L2A/2026/05/25/DT0000196528/04/ENMAP01-____L2A-DT0000196528_20260525T093246Z_004_V010506_20260526T153030Z/ENMAP01-____L2A-DT0000196528_20260525T093246Z_004_V010506_20260526T153030Z_stac.json,https://download.geoservice.dlr.de/ENMAP/files/L2A/2026/05/25/DT0000196528/04/ENMAP01-____L2A-DT0000196528_20260525T093246Z_004_V010506_20260526T153030Z/ENMAP01-____L2A-DT0000196528_20260525T093246Z_004_V010506_20260526T153030Z-METADATA.XML
akcansa-buyukcekmece,ENMAP01-____L2A-DT0000146188_20250805T093556Z_003_V010502_20250808T230834Z,2025-08-05T09:35:56Z,0.0,/geoservice/repository/ENMAP/L2A/2025/08/05/DT0000146188/03/ENMAP01-____L2A-DT0000146188_20250805T093556Z_003_V010502_20250808T230834Z_stac.json,https://download.geoservice.dlr.de/ENMAP/files/L2A/2025/08/05/DT0000146188/03/ENMAP01-____L2A-DT0000146188_20250805T093556Z_003_V010502_20250808T230834Z-METADATA.XML
akcansa-buyukcekmece,ENMAP01-____L2A-DT0000146188_20250805T093552Z_002_V010502_20250808T230834Z,2025-08-05T09:35:52Z,10.0,/geoservice/repository/ENMAP/L2A/2025/08/05/DT0000146188/02/ENMAP01-____L2A-DT0000146188_20250805T093552Z_002_V010502_20250808T230834Z_stac.json,https://download.geoservice.dlr.de/ENMAP/files/L2A/2025/08/05/DT0000146188/02/ENMAP01-____L2A-DT0000146188_20250805T093552Z_002_V010502_20250808T230834Z-METADATA.XML
akcansa-buyukcekmece,ENMAP01-____L2A-DT0000070635_20240425T092858Z_004_V010402_20240429T021322Z,2024-04-25T09:28:58Z,6.0,https://geoservice.dlr.de/eoc/ogc/stac/v1/collections/ENMAP_HSI_L2A/items/ENMAP01-____L2A-DT0000070635_20240425T092858Z_004_V010402_20240429T021322Z,https://download.geoservice.dlr.de/ENMAP/files/L2A/2024/04/25/DT0000070635/04/ENMAP01-____L2A-DT0000070635_20240425T092858Z_004_V010402_20240429T021322Z-METADATA.XML
akcansa-buyukcekmece,ENMAP01-____L2A-DT0000070635_20240425T092858Z_004_V010502_20260318T115014Z,2024-04-25T09:29:00.582839Z,6.0,/ida/hyperspectral/EnMAP/L2A/2024/04/25/DT0000070635/04/ENMAP01-____L2A-DT0000070635_20240425T092858Z_004_V010502_20260318T115014Z/ENMAP01-____L2A-DT0000070635_20240425T092858Z_004_V010502_20260318T115014Z_stac.json,https://download.geoservice.dlr.de/ENMAP/files/L2A/2024/04/25/DT0000070635/04/ENMAP01-____L2A-DT0000070635_20240425T092858Z_004_V010502_20260318T115014Z/ENMAP01-____L2A-DT0000070635_20240425T092858Z_004_V010502_20260318T115014Z-METADATA.XML
akcansa-canakkale,ENMAP01-____L2A-DT0000164848_20251125T093942Z_006_V010505_20251130T123446Z,2025-11-25T09:39:42Z,0.0,/geoservice/repository/ENMAP/L2A/2025/11/25/DT0000164848/06/ENMAP01-____L2A-DT0000164848_20251125T093942Z_006_V010505_20251130T123446Z_stac.json,https://download.geoservice.dlr.de/ENMAP/files/L2A/2025/11/25/DT0000164848/06/ENMAP01-____L2A-DT0000164848_20251125T093942Z_006_V010505_20251130T123446Z-METADATA.XML
akcansa-canakkale,ENMAP01-____L2A-DT0000160883_20251029T094015Z_006_V010505_20251111T112910Z,2025-10-29T09:40:15Z,0.0,/geoservice/repository/ENMAP/L2A/2025/10/29/DT0000160883/06/ENMAP01-____L2A-DT0000160883_20251029T094015Z_006_V010505_20251111T112910Z_stac.json,https://download.geoservice.dlr.de/ENMAP/files/L2A/2025/10/29/DT0000160883/06/ENMAP01-____L2A-DT0000160883_20251029T094015Z_006_V010505_20251111T112910Z-METADATA.XML
akcansa-canakkale,ENMAP01-____L2A-DT0000150619_20250905T094021Z_006_V010502_20250911T094401Z,2025-09-05T09:40:21Z,3.0,/geoservice/repository/ENMAP/L2A/2025/09/05/DT0000150619/06/ENMAP01-____L2A-DT0000150619_20250905T094021Z_006_V010502_20250911T094401Z_stac.json,https://download.geoservice.dlr.de/ENMAP/files/L2A/2025/09/05/DT0000150619/06/ENMAP01-____L2A-DT0000150619_20250905T094021Z_006_V010502_20250911T094401Z-METADATA.XML
akcansa-canakkale,ENMAP01-____L2A-DT0000146514_20250809T093954Z_006_V010502_20250816T071909Z,2025-08-09T09:39:54Z,0.0,/geoservice/repository/ENMAP/L2A/2025/08/09/DT0000146514/06/ENMAP01-____L2A-DT0000146514_20250809T093954Z_006_V010502_20250816T071909Z_stac.json,https://download.geoservice.dlr.de/ENMAP/files/L2A/2025/08/09/DT0000146514/06/ENMAP01-____L2A-DT0000146514_20250809T093954Z_006_V010502_20250816T071909Z-METADATA.XML
akcansa-canakkale,ENMAP01-____L2A-DT0000141074_20250713T093945Z_006_V010502_20250717T193828Z,2025-07-13T09:39:45Z,0.0,/geoservice/repository/ENMAP/L2A/2025/07/13/DT0000141074/06/ENMAP01-____L2A-DT0000141074_20250713T093945Z_006_V010502_20250717T193828Z_stac.json,https://download.geoservice.dlr.de/ENMAP/files/L2A/2025/07/13/DT0000141074/06/ENMAP01-____L2A-DT0000141074_20250713T093945Z_006_V010502_20250717T193828Z-METADATA.XML
akcansa-canakkale,ENMAP01-____L2A-DT0000136242_20250616T094028Z_006_V010502_20250621T052511Z,2025-06-16T09:40:28Z,0.0,/geoservice/repository/ENMAP/L2A/2025/06/16/DT0000136242/06/ENMAP01-____L2A-DT0000136242_20250616T094028Z_006_V010502_20250621T052511Z_stac.json,https://download.geoservice.dlr.de/ENMAP/files/L2A/2025/06/16/DT0000136242/06/ENMAP01-____L2A-DT0000136242_20250616T094028Z_006_V010502_20250621T052511Z-METADATA.XML
akcansa-canakkale,ENMAP01-____L2A-DT0000130873_20250520T094027Z_006_V010502_20250525T203051Z,2025-05-20T09:40:27Z,0.0,/geoservice/repository/ENMAP/L2A/2025/05/20/DT0000130873/06/ENMAP01-____L2A-DT0000130873_20250520T094027Z_006_V010502_20250525T203051Z_stac.json,https://download.geoservice.dlr.de/ENMAP/files/L2A/2025/05/20/DT0000130873/06/ENMAP01-____L2A-DT0000130873_20250520T094027Z_006_V010502_20250525T203051Z-METADATA.XML
akcansa-canakkale,ENMAP01-____L2A-DT0000125725_20250423T093951Z_006_V010502_20250428T111014Z,2025-04-23T09:39:51Z,0.0,/geoservice/repository/ENMAP/L2A/2025/04/23/DT0000125725/06/ENMAP01-____L2A-DT0000125725_20250423T093951Z_006_V010502_20250428T111014Z_stac.json,https://download.geoservice.dlr.de/ENMAP/files/L2A/2025/04/23/DT0000125725/06/ENMAP01-____L2A-DT0000125725_20250423T093951Z_006_V010502_20250428T111014Z-METADATA.XML
akcansa-canakkale,ENMAP01-____L2A-DT0000099036_20241016T094010Z_019_V010501_20241022T123104Z,2024-10-16T09:40:10Z,4.0,https://geoservice.dlr.de/eoc/ogc/stac/v1/collections/ENMAP_HSI_L2A/items/ENMAP01-____L2A-DT0000099036_20241016T094010Z_019_V010501_20241022T123104Z,https://download.geoservice.dlr.de/ENMAP/files/L2A/2024/10/16/DT0000099036/19/ENMAP01-____L2A-DT0000099036_20241016T094010Z_019_V010501_20241022T123104Z-METADATA.XML
akcansa-canakkale,ENMAP01-____L2A-DT0000075910_20240603T093954Z_019_V010402_20240614T080841Z,2024-06-03T09:39:54Z,0.0,https://geoservice.dlr.de/eoc/ogc/stac/v1/collections/ENMAP_HSI_L2A/items/ENMAP01-____L2A-DT0000075910_20240603T093954Z_019_V010402_20240614T080841Z,https://download.geoservice.dlr.de/ENMAP/files/L2A/2024/06/03/DT0000075910/19/ENMAP01-____L2A-DT0000075910_20240603T093954Z_019_V010402_20240614T080841Z-METADATA.XML
akcansa-canakkale,ENMAP01-____L2A-DT0000075910_20240603T093954Z_019_V010502_20260406T074818Z,2024-06-03T09:39:56.332109Z,0.0,/ida/hyperspectral/EnMAP/L2A/2024/06/03/DT0000075910/19/ENMAP01-____L2A-DT0000075910_20240603T093954Z_019_V010502_20260406T074818Z/ENMAP01-____L2A-DT0000075910_20240603T093954Z_019_V010502_20260406T074818Z_stac.json,https://download.geoservice.dlr.de/ENMAP/files/L2A/2024/06/03/DT0000075910/19/ENMAP01-____L2A-DT0000075910_20240603T093954Z_019_V010502_20260406T074818Z/ENMAP01-____L2A-DT0000075910_20240603T093954Z_019_V010502_20260406T074818Z-METADATA.XML
akcansa-ladik,ENMAP01-____L2A-DT0000141553_20250708T091043Z_003_V010502_20250711T021735Z,2025-07-08T09:10:43Z,0.0,/geoservice/repository/ENMAP/L2A/2025/07/08/DT0000141553/03/ENMAP01-____L2A-DT0000141553_20250708T091043Z_003_V010502_20250711T021735Z_stac.json,https://download.geoservice.dlr.de/ENMAP/files/L2A/2025/07/08/DT0000141553/03/ENMAP01-____L2A-DT0000141553_20250708T091043Z_003_V010502_20250711T021735Z-METADATA.XML
akcansa-ladik,ENMAP01-____L2A-DT0000077893_20240617T090403Z_004_V010402_20240622T155419Z,2024-06-17T09:04:03Z,3.0,https://geoservice.dlr.de/eoc/ogc/stac/v1/collections/ENMAP_HSI_L2A/items/ENMAP01-____L2A-DT0000077893_20240617T090403Z_004_V010402_20240622T155419Z,https://download.geoservice.dlr.de/ENMAP/files/L2A/2024/06/17/DT0000077893/04/ENMAP01-____L2A-DT0000077893_20240617T090403Z_004_V010402_20240622T155419Z-METADATA.XML
akcansa-ladik,ENMAP01-____L2A-DT0000077893_20240617T090403Z_004_V010502_20260411T033043Z,2024-06-17T09:04:05.644344Z,3.0,/ida/hyperspectral/EnMAP/L2A/2024/06/17/DT0000077893/04/ENMAP01-____L2A-DT0000077893_20240617T090403Z_004_V010502_20260411T033043Z/ENMAP01-____L2A-DT0000077893_20240617T090403Z_004_V010502_20260411T033043Z_stac.json,https://download.geoservice.dlr.de/ENMAP/files/L2A/2024/06/17/DT0000077893/04/ENMAP01-____L2A-DT0000077893_20240617T090403Z_004_V010502_20260411T033043Z/ENMAP01-____L2A-DT0000077893_20240617T090403Z_004_V010502_20260411T033043Z-METADATA.XML
nuh-hereke,ENMAP01-____L2A-DT0000164236_20251117T093231Z_005_V010505_20251119T042541Z,2025-11-17T09:32:31Z,1.0,/geoservice/repository/ENMAP/L2A/2025/11/17/DT0000164236/05/ENMAP01-____L2A-DT0000164236_20251117T093231Z_005_V010505_20251119T042541Z_stac.json,https://download.geoservice.dlr.de/ENMAP/files/L2A/2025/11/17/DT0000164236/05/ENMAP01-____L2A-DT0000164236_20251117T093231Z_005_V010505_20251119T042541Z-METADATA.XML
nuh-hereke,ENMAP01-____L2A-DT0000094515_20240926T092134Z_001_V010402_20240927T025537Z,2024-09-26T09:21:34Z,0.0,https://geoservice.dlr.de/eoc/ogc/stac/v1/collections/ENMAP_HSI_L2A/items/ENMAP01-____L2A-DT0000094515_20240926T092134Z_001_V010402_20240927T025537Z,https://download.geoservice.dlr.de/ENMAP/files/L2A/2024/09/26/DT0000094515/01/ENMAP01-____L2A-DT0000094515_20240926T092134Z_001_V010402_20240927T025537Z-METADATA.XML
nuh-hereke,ENMAP01-____L2A-DT0000094515_20240926T092134Z_001_V010502_20260524T160231Z,2024-09-26T09:21:37.095214Z,0.0,/ida/hyperspectral/EnMAP/L2A/2024/09/26/DT0000094515/01/ENMAP01-____L2A-DT0000094515_20240926T092134Z_001_V010502_20260524T160231Z/ENMAP01-____L2A-DT0000094515_20240926T092134Z_001_V010502_20260524T160231Z_stac.json,https://download.geoservice.dlr.de/ENMAP/files/L2A/2024/09/26/DT0000094515/01/ENMAP01-____L2A-DT0000094515_20240926T092134Z_001_V010502_20260524T160231Z/ENMAP01-____L2A-DT0000094515_20240926T092134Z_001_V010502_20260524T160231Z-METADATA.XML
nuh-hereke,ENMAP01-____L2A-DT0000088481_20240819T093606Z_001_V010402_20240819T231511Z,2024-08-19T09:36:09.111246Z,1.0,/ida/hyperspectral/EnMAP/L2A/2024/08/19/DT0000088481/01/ENMAP01-____L2A-DT0000088481_20240819T093606Z_001_V010402_20240819T231511Z/ENMAP01-____L2A-DT0000088481_20240819T093606Z_001_V010402_20240819T231511Z_stac.json,https://download.geoservice.dlr.de/ENMAP/files/L2A/2024/08/19/DT0000088481/01/ENMAP01-____L2A-DT0000088481_20240819T093606Z_001_V010402_20240819T231511Z/ENMAP01-____L2A-DT0000088481_20240819T093606Z_001_V010402_20240819T231511Z-METADATA.XML
nuh-hereke,ENMAP01-____L2A-DT0000088481_20240819T093606Z_001_V010502_20260511T034648Z,2024-08-19T09:36:09.111246Z,1.0,/ida/hyperspectral/EnMAP/L2A/2024/08/19/DT0000088481/01/ENMAP01-____L2A-DT0000088481_20240819T093606Z_001_V010502_20260511T034648Z/ENMAP01-____L2A-DT0000088481_20240819T093606Z_001_V010502_20260511T034648Z_stac.json,https://download.geoservice.dlr.de/ENMAP/files/L2A/2024/08/19/DT0000088481/01/ENMAP01-____L2A-DT0000088481_20240819T093606Z_001_V010502_20260511T034648Z/ENMAP01-____L2A-DT0000088481_20240819T093606Z_001_V010502_20260511T034648Z-METADATA.XML
nuh-hereke,ENMAP01-____L2A-DT0000062521_20240223T092139Z_004_V010502_20260217T125944Z,2024-02-23T09:21:41.606143Z,1.0,/ida/hyperspectral/EnMAP/L2A/2024/02/23/DT0000062521/04/ENMAP01-____L2A-DT0000062521_20240223T092139Z_004_V010502_20260217T125944Z/ENMAP01-____L2A-DT0000062521_20240223T092139Z_004_V010502_20260217T125944Z_stac.json,https://download.geoservice.dlr.de/ENMAP/files/L2A/2024/02/23/DT0000062521/04/ENMAP01-____L2A-DT0000062521_20240223T092139Z_004_V010502_20260217T125944Z/ENMAP01-____L2A-DT0000062521_20240223T092139Z_004_V010502_20260217T125944Z-METADATA.XML
nuh-hereke,ENMAP01-____L2A-DT0000062521_20240223T092134Z_003_V010502_20260217T124728Z,2024-02-23T09:21:37.154039Z,1.0,/ida/hyperspectral/EnMAP/L2A/2024/02/23/DT0000062521/03/ENMAP01-____L2A-DT0000062521_20240223T092134Z_003_V010502_20260217T124728Z/ENMAP01-____L2A-DT0000062521_20240223T092134Z_003_V010502_20260217T124728Z_stac.json,https://download.geoservice.dlr.de/ENMAP/files/L2A/2024/02/23/DT0000062521/03/ENMAP01-____L2A-DT0000062521_20240223T092134Z_003_V010502_20260217T124728Z/ENMAP01-____L2A-DT0000062521_20240223T092134Z_003_V010502_20260217T124728Z-METADATA.XML
bursa-cimento,ENMAP01-____L2A-DT0000149963_20250824T092926Z_005_V010502_20250828T052448Z,2025-08-24T09:29:26Z,10.0,/geoservice/repository/ENMAP/L2A/2025/08/24/DT0000149963/05/ENMAP01-____L2A-DT0000149963_20250824T092926Z_005_V010502_20250828T052448Z_stac.json,https://download.geoservice.dlr.de/ENMAP/files/L2A/2025/08/24/DT0000149963/05/ENMAP01-____L2A-DT0000149963_20250824T092926Z_005_V010502_20250828T052448Z-METADATA.XML
bursa-cimento,ENMAP01-____L2A-DT0000125876_20250411T092924Z_004_V010502_20250413T201311Z,2025-04-11T09:29:24Z,6.0,/geoservice/repository/ENMAP/L2A/2025/04/11/DT0000125876/04/ENMAP01-____L2A-DT0000125876_20250411T092924Z_004_V010502_20250413T201311Z_stac.json,https://download.geoservice.dlr.de/ENMAP/files/L2A/2025/04/11/DT0000125876/04/ENMAP01-____L2A-DT0000125876_20250411T092924Z_004_V010502_20250413T201311Z-METADATA.XML
bursa-cimento,ENMAP01-____L2A-DT0000050962_20231115T092941Z_007_V010502_20250225T150448Z,2023-11-15T09:29:41Z,1.0,/geoservice/repository/ENMAP/L2A/2023/11/15/DT0000050962/07/ENMAP01-____L2A-DT0000050962_20231115T092941Z_007_V010502_20250225T150448Z_stac.json,https://download.geoservice.dlr.de/ENMAP/files/L2A/2023/11/15/DT0000050962/07/ENMAP01-____L2A-DT0000050962_20231115T092941Z_007_V010502_20250225T150448Z-METADATA.XML
bursa-cimento,ENMAP01-____L2A-DT0000050962_20231115T092941Z_007_V010502_20250916T000939Z,2023-11-15T09:29:41Z,1.0,/geoservice/repository/ENMAP/L2A/2023/11/15/DT0000050962/07/ENMAP01-____L2A-DT0000050962_20231115T092941Z_007_V010502_20250916T000939Z_stac.json,https://download.geoservice.dlr.de/ENMAP/files/L2A/2023/11/15/DT0000050962/07/ENMAP01-____L2A-DT0000050962_20231115T092941Z_007_V010502_20250916T000939Z-METADATA.XML
bursa-cimento,ENMAP01-____L2A-DT0000050962_20231115T092941Z_007_V010502_20260111T185413Z,2023-11-15T09:29:41Z,1.0,/geoservice/repository/ENMAP/L2A/2023/11/15/DT0000050962/07/ENMAP01-____L2A-DT0000050962_20231115T092941Z_007_V010502_20260111T185413Z_stac.json,https://download.geoservice.dlr.de/ENMAP/files/L2A/2023/11/15/DT0000050962/07/ENMAP01-____L2A-DT0000050962_20231115T092941Z_007_V010502_20260111T185413Z-METADATA.XML
bursa-cimento,ENMAP01-____L2A-DT0000004969_20221029T092531Z_006_V010502_20250905T180835Z,2022-10-29T09:25:31Z,0.0,/geoservice/repository/ENMAP/L2A/2022/10/29/DT0000004969/06/ENMAP01-____L2A-DT0000004969_20221029T092531Z_006_V010502_20250905T180835Z_stac.json,https://download.geoservice.dlr.de/ENMAP/files/L2A/2022/10/29/DT0000004969/06/ENMAP01-____L2A-DT0000004969_20221029T092531Z_006_V010502_20250905T180835Z-METADATA.XML
bursa-cimento,ENMAP01-____L2A-DT0000004969_20221029T092531Z_006_V010502_20251109T122037Z,2022-10-29T09:25:31Z,0.0,/geoservice/repository/ENMAP/L2A/2022/10/29/DT0000004969/06/ENMAP01-____L2A-DT0000004969_20221029T092531Z_006_V010502_20251109T122037Z_stac.json,https://download.geoservice.dlr.de/ENMAP/files/L2A/2022/10/29/DT0000004969/06/ENMAP01-____L2A-DT0000004969_20221029T092531Z_006_V010502_20251109T122037Z-METADATA.XML
bursa-cimento,ENMAP01-____L2A-DT0000004969_20221029T092526Z_005_V010502_20250905T181438Z,2022-10-29T09:25:26Z,2.0,/geoservice/repository/ENMAP/L2A/2022/10/29/DT0000004969/05/ENMAP01-____L2A-DT0000004969_20221029T092526Z_005_V010502_20250905T181438Z_stac.json,https://download.geoservice.dlr.de/ENMAP/files/L2A/2022/10/29/DT0000004969/05/ENMAP01-____L2A-DT0000004969_20221029T092526Z_005_V010502_20250905T181438Z-METADATA.XML
goltas-isparta,ENMAP01-____L2A-DT0000111574_20250120T092931Z_015_V010502_20250124T183115Z,2025-01-20T09:29:31Z,5.0,/geoservice/repository/ENMAP/L2A/2025/01/20/DT0000111574/15/ENMAP01-____L2A-DT0000111574_20250120T092931Z_015_V010502_20250124T183115Z_stac.json,https://download.geoservice.dlr.de/ENMAP/files/L2A/2025/01/20/DT0000111574/15/ENMAP01-____L2A-DT0000111574_20250120T092931Z_015_V010502_20250124T183115Z-METADATA.XML
goltas-isparta,ENMAP01-____L2A-DT0000041185_20230910T091947Z_013_V010502_20250207T074815Z,2023-09-10T09:19:47Z,0.0,/geoservice/repository/ENMAP/L2A/2023/09/10/DT0000041185/13/ENMAP01-____L2A-DT0000041185_20230910T091947Z_013_V010502_20250207T074815Z_stac.json,https://download.geoservice.dlr.de/ENMAP/files/L2A/2023/09/10/DT0000041185/13/ENMAP01-____L2A-DT0000041185_20230910T091947Z_013_V010502_20250207T074815Z-METADATA.XML
goltas-isparta,ENMAP01-____L2A-DT0000041185_20230910T091947Z_013_V010502_20260101T155759Z,2023-09-10T09:19:47Z,0.0,/geoservice/repository/ENMAP/L2A/2023/09/10/DT0000041185/13/ENMAP01-____L2A-DT0000041185_20230910T091947Z_013_V010502_20260101T155759Z_stac.json,https://download.geoservice.dlr.de/ENMAP/files/L2A/2023/09/10/DT0000041185/13/ENMAP01-____L2A-DT0000041185_20230910T091947Z_013_V010502_20260101T155759Z-METADATA.XML
erdemir-eregli,ENMAP01-____L2A-DT0000189924_20260427T090711Z_002_V010506_20260428T075901Z,2026-04-27T09:07:13.745663Z,20.0,/ida/hyperspectral/EnMAP/L2A/2026/04/27/DT0000189924/02/ENMAP01-____L2A-DT0000189924_20260427T090711Z_002_V010506_20260428T075901Z/ENMAP01-____L2A-DT0000189924_20260427T090711Z_002_V010506_20260428T075901Z_stac.json,https://download.geoservice.dlr.de/ENMAP/files/L2A/2026/04/27/DT0000189924/02/ENMAP01-____L2A-DT0000189924_20260427T090711Z_002_V010506_20260428T075901Z/ENMAP01-____L2A-DT0000189924_20260427T090711Z_002_V010506_20260428T075901Z-METADATA.XML
erdemir-eregli,ENMAP01-____L2A-DT0000181644_20260308T091126Z_002_V010506_20260309T191602Z,2026-03-08T09:11:28.669372Z,0.0,/ida/hyperspectral/EnMAP/L2A/2026/03/08/DT0000181644/02/ENMAP01-____L2A-DT0000181644_20260308T091126Z_002_V010506_20260309T191602Z/ENMAP01-____L2A-DT0000181644_20260308T091126Z_002_V010506_20260309T191602Z_stac.json,https://download.geoservice.dlr.de/ENMAP/files/L2A/2026/03/08/DT0000181644/02/ENMAP01-____L2A-DT0000181644_20260308T091126Z_002_V010506_20260309T191602Z/ENMAP01-____L2A-DT0000181644_20260308T091126Z_002_V010506_20260309T191602Z-METADATA.XML
erdemir-eregli,ENMAP01-____L2A-DT0000145770_20250728T092831Z_002_V010502_20250730T032451Z,2025-07-28T09:28:31Z,0.0,/geoservice/repository/ENMAP/L2A/2025/07/28/DT0000145770/02/ENMAP01-____L2A-DT0000145770_20250728T092831Z_002_V010502_20250730T032451Z_stac.json,https://download.geoservice.dlr.de/ENMAP/files/L2A/2025/07/28/DT0000145770/02/ENMAP01-____L2A-DT0000145770_20250728T092831Z_002_V010502_20250730T032451Z-METADATA.XML
erdemir-eregli,ENMAP01-____L2A-DT0000144634_20250724T092456Z_001_V010502_20250727T035135Z,2025-07-24T09:24:56Z,4.0,/geoservice/repository/ENMAP/L2A/2025/07/24/DT0000144634/01/ENMAP01-____L2A-DT0000144634_20250724T092456Z_001_V010502_20250727T035135Z_stac.json,https://download.geoservice.dlr.de/ENMAP/files/L2A/2025/07/24/DT0000144634/01/ENMAP01-____L2A-DT0000144634_20250724T092456Z_001_V010502_20250727T035135Z-METADATA.XML
erdemir-eregli,ENMAP01-____L2A-DT0000091529_20240830T092200Z_002_V010402_20240903T010230Z,2024-08-30T09:22:00Z,0.0,https://geoservice.dlr.de/eoc/ogc/stac/v1/collections/ENMAP_HSI_L2A/items/ENMAP01-____L2A-DT0000091529_20240830T092200Z_002_V010402_20240903T010230Z,https://download.geoservice.dlr.de/ENMAP/files/L2A/2024/08/30/DT0000091529/02/ENMAP01-____L2A-DT0000091529_20240830T092200Z_002_V010402_20240903T010230Z-METADATA.XML
erdemir-eregli,ENMAP01-____L2A-DT0000091529_20240830T092200Z_002_V010502_20260515T065655Z,2024-08-30T09:22:02.883100Z,0.0,/ida/hyperspectral/EnMAP/L2A/2024/08/30/DT0000091529/02/ENMAP01-____L2A-DT0000091529_20240830T092200Z_002_V010502_20260515T065655Z/ENMAP01-____L2A-DT0000091529_20240830T092200Z_002_V010502_20260515T065655Z_stac.json,https://download.geoservice.dlr.de/ENMAP/files/L2A/2024/08/30/DT0000091529/02/ENMAP01-____L2A-DT0000091529_20240830T092200Z_002_V010502_20260515T065655Z/ENMAP01-____L2A-DT0000091529_20240830T092200Z_002_V010502_20260515T065655Z-METADATA.XML
erdemir-eregli,ENMAP01-____L2A-DT0000041185_20230910T091854Z_001_V010502_20250210T141844Z,2023-09-10T09:18:54Z,0.0,/geoservice/repository/ENMAP/L2A/2023/09/10/DT0000041185/01/ENMAP01-____L2A-DT0000041185_20230910T091854Z_001_V010502_20250210T141844Z_stac.json,https://download.geoservice.dlr.de/ENMAP/files/L2A/2023/09/10/DT0000041185/01/ENMAP01-____L2A-DT0000041185_20230910T091854Z_001_V010502_20250210T141844Z-METADATA.XML
erdemir-eregli,ENMAP01-____L2A-DT0000041185_20230910T091854Z_001_V010502_20260101T152901Z,2023-09-10T09:18:54Z,0.0,/geoservice/repository/ENMAP/L2A/2023/09/10/DT0000041185/01/ENMAP01-____L2A-DT0000041185_20230910T091854Z_001_V010502_20260101T152901Z_stac.json,https://download.geoservice.dlr.de/ENMAP/files/L2A/2023/09/10/DT0000041185/01/ENMAP01-____L2A-DT0000041185_20230910T091854Z_001_V010502_20260101T152901Z-METADATA.XML
erdemir-eregli,ENMAP01-____L2A-DT0000036642_20230826T092907Z_001_V010502_20251228T162423Z,2023-08-26T09:29:07Z,0.0,/geoservice/repository/ENMAP/L2A/2023/08/26/DT0000036642/01/ENMAP01-____L2A-DT0000036642_20230826T092907Z_001_V010502_20251228T162423Z_stac.json,https://download.geoservice.dlr.de/ENMAP/files/L2A/2023/08/26/DT0000036642/01/ENMAP01-____L2A-DT0000036642_20230826T092907Z_001_V010502_20251228T162423Z-METADATA.XML
isdemir-iskenderun,ENMAP01-____L2A-DT0000171058_20251228T085801Z_018_V010505_20251230T163902Z,2025-12-28T08:58:01Z,2.0,/geoservice/repository/ENMAP/L2A/2025/12/28/DT0000171058/18/ENMAP01-____L2A-DT0000171058_20251228T085801Z_018_V010505_20251230T163902Z_stac.json,https://download.geoservice.dlr.de/ENMAP/files/L2A/2025/12/28/DT0000171058/18/ENMAP01-____L2A-DT0000171058_20251228T085801Z_018_V010505_20251230T163902Z-METADATA.XML
isdemir-iskenderun,ENMAP01-____L2A-DT0000087835_20240806T090104Z_012_V010502_20260505T210437Z,2024-08-06T09:01:06.298104Z,7.0,/ida/hyperspectral/EnMAP/L2A/2024/08/06/DT0000087835/12/ENMAP01-____L2A-DT0000087835_20240806T090104Z_012_V010502_20260505T210437Z/ENMAP01-____L2A-DT0000087835_20240806T090104Z_012_V010502_20260505T210437Z_stac.json,https://download.geoservice.dlr.de/ENMAP/files/L2A/2024/08/06/DT0000087835/12/ENMAP01-____L2A-DT0000087835_20240806T090104Z_012_V010502_20260505T210437Z/ENMAP01-____L2A-DT0000087835_20240806T090104Z_012_V010502_20260505T210437Z-METADATA.XML
isdemir-iskenderun,ENMAP01-____L2A-DT0000087835_20240806T090059Z_011_V010502_20260505T210328Z,2024-08-06T09:01:01.846021Z,23.0,/ida/hyperspectral/EnMAP/L2A/2024/08/06/DT0000087835/11/ENMAP01-____L2A-DT0000087835_20240806T090059Z_011_V010502_20260505T210328Z/ENMAP01-____L2A-DT0000087835_20240806T090059Z_011_V010502_20260505T210328Z_stac.json,https://download.geoservice.dlr.de/ENMAP/files/L2A/2024/08/06/DT0000087835/11/ENMAP01-____L2A-DT0000087835_20240806T090059Z_011_V010502_20260505T210328Z/ENMAP01-____L2A-DT0000087835_20240806T090059Z_011_V010502_20260505T210328Z-METADATA.XML
colakoglu-gebze,ENMAP01-____L2A-DT0000164236_20251117T093231Z_005_V010505_20251119T042541Z,2025-11-17T09:32:31Z,1.0,/geoservice/repository/ENMAP/L2A/2025/11/17/DT0000164236/05/ENMAP01-____L2A-DT0000164236_20251117T093231Z_005_V010505_20251119T042541Z_stac.json,https://download.geoservice.dlr.de/ENMAP/files/L2A/2025/11/17/DT0000164236/05/ENMAP01-____L2A-DT0000164236_20251117T093231Z_005_V010505_20251119T042541Z-METADATA.XML
colakoglu-gebze,ENMAP01-____L2A-DT0000062521_20240223T092139Z_004_V010502_20260217T125944Z,2024-02-23T09:21:41.606143Z,1.0,/ida/hyperspectral/EnMAP/L2A/2024/02/23/DT0000062521/04/ENMAP01-____L2A-DT0000062521_20240223T092139Z_004_V010502_20260217T125944Z/ENMAP01-____L2A-DT0000062521_20240223T092139Z_004_V010502_20260217T125944Z_stac.json,https://download.geoservice.dlr.de/ENMAP/files/L2A/2024/02/23/DT0000062521/04/ENMAP01-____L2A-DT0000062521_20240223T092139Z_004_V010502_20260217T125944Z/ENMAP01-____L2A-DT0000062521_20240223T092139Z_004_V010502_20260217T125944Z-METADATA.XML
habas-aliaga,ENMAP01-____L2A-DT0000126537_20250415T093322Z_011_V010502_20250417T210515Z,2025-04-15T09:33:22Z,0.0,/geoservice/repository/ENMAP/L2A/2025/04/15/DT0000126537/11/ENMAP01-____L2A-DT0000126537_20250415T093322Z_011_V010502_20250417T210515Z_stac.json,https://download.geoservice.dlr.de/ENMAP/files/L2A/2025/04/15/DT0000126537/11/ENMAP01-____L2A-DT0000126537_20250415T093322Z_011_V010502_20250417T210515Z-METADATA.XML
habas-aliaga,ENMAP01-____L2A-DT0000087645_20240815T093252Z_018_V010402_20240819T094342Z,2024-08-15T09:32:54.905235Z,0.0,/ida/hyperspectral/EnMAP/L2A/2024/08/15/DT0000087645/18/ENMAP01-____L2A-DT0000087645_20240815T093252Z_018_V010402_20240819T094342Z/ENMAP01-____L2A-DT0000087645_20240815T093252Z_018_V010402_20240819T094342Z_stac.json,https://download.geoservice.dlr.de/ENMAP/files/L2A/2024/08/15/DT0000087645/18/ENMAP01-____L2A-DT0000087645_20240815T093252Z_018_V010402_20240819T094342Z/ENMAP01-____L2A-DT0000087645_20240815T093252Z_018_V010402_20240819T094342Z-METADATA.XML
habas-aliaga,ENMAP01-____L2A-DT0000087645_20240815T093252Z_018_V010502_20260509T234042Z,2024-08-15T09:32:54.905235Z,0.0,/ida/hyperspectral/EnMAP/L2A/2024/08/15/DT0000087645/18/ENMAP01-____L2A-DT0000087645_20240815T093252Z_018_V010502_20260509T234042Z/ENMAP01-____L2A-DT0000087645_20240815T093252Z_018_V010502_20260509T234042Z_stac.json,https://download.geoservice.dlr.de/ENMAP/files/L2A/2024/08/15/DT0000087645/18/ENMAP01-____L2A-DT0000087645_20240815T093252Z_018_V010502_20260509T234042Z/ENMAP01-____L2A-DT0000087645_20240815T093252Z_018_V010502_20260509T234042Z-METADATA.XML
habas-aliaga,ENMAP01-____L2A-DT0000012071_20230325T093705Z_002_V010502_20251126T140253Z,2023-03-25T09:37:05Z,0.0,/geoservice/repository/ENMAP/L2A/2023/03/25/DT0000012071/02/ENMAP01-____L2A-DT0000012071_20230325T093705Z_002_V010502_20251126T140253Z_stac.json,https://download.geoservice.dlr.de/ENMAP/files/L2A/2023/03/25/DT0000012071/02/ENMAP01-____L2A-DT0000012071_20230325T093705Z_002_V010502_20251126T140253Z-METADATA.XML
kardemir-karabuk,ENMAP01-____L2A-DT0000065519_20240317T091805Z_003_V010402_20240321T013503Z,2024-03-17T09:18:08.157752Z,23.0,https://geoservice.dlr.de/eoc/ogc/stac/v1/collections/ENMAP_HSI_L2A/items/ENMAP01-____L2A-DT0000065519_20240317T091805Z_003_V010402_20240321T013503Z,https://download.geoservice.dlr.de/ENMAP/files/L2A/2024/03/17/DT0000065519/03/ENMAP01-____L2A-DT0000065519_20240317T091805Z_003_V010402_20240321T013503Z-METADATA.XML
kardemir-karabuk,ENMAP01-____L2A-DT0000065519_20240317T091805Z_003_V010502_20260227T064743Z,2024-03-17T09:18:08.157752Z,23.0,/ida/hyperspectral/EnMAP/L2A/2024/03/17/DT0000065519/03/ENMAP01-____L2A-DT0000065519_20240317T091805Z_003_V010502_20260227T064743Z/ENMAP01-____L2A-DT0000065519_20240317T091805Z_003_V010502_20260227T064743Z_stac.json,https://download.geoservice.dlr.de/ENMAP/files/L2A/2024/03/17/DT0000065519/03/ENMAP01-____L2A-DT0000065519_20240317T091805Z_003_V010502_20260227T064743Z/ENMAP01-____L2A-DT0000065519_20240317T091805Z_003_V010502_20260227T064743Z-METADATA.XML
kardemir-karabuk,ENMAP01-____L2A-DT0000063264_20240227T092457Z_003_V010502_20260219T032807Z,2024-02-27T09:25:00.176670Z,6.0,/ida/hyperspectral/EnMAP/L2A/2024/02/27/DT0000063264/03/ENMAP01-____L2A-DT0000063264_20240227T092457Z_003_V010502_20260219T032807Z/ENMAP01-____L2A-DT0000063264_20240227T092457Z_003_V010502_20260219T032807Z_stac.json,https://download.geoservice.dlr.de/ENMAP/files/L2A/2024/02/27/DT0000063264/03/ENMAP01-____L2A-DT0000063264_20240227T092457Z_003_V010502_20260219T032807Z/ENMAP01-____L2A-DT0000063264_20240227T092457Z_003_V010502_20260219T032807Z-METADATA.XML
kardemir-karabuk,ENMAP01-____L2A-DT0000063264_20240227T092453Z_002_V010502_20250412T112342Z,2024-02-27T09:24:53Z,6.0,/geoservice/repository/ENMAP/L2A/2024/02/27/DT0000063264/02/ENMAP01-____L2A-DT0000063264_20240227T092453Z_002_V010502_20250412T112342Z_stac.json,https://download.geoservice.dlr.de/ENMAP/files/L2A/2024/02/27/DT0000063264/02/ENMAP01-____L2A-DT0000063264_20240227T092453Z_002_V010502_20250412T112342Z-METADATA.XML
kardemir-karabuk,ENMAP01-____L2A-DT0000063264_20240227T092453Z_002_V010502_20260219T042015Z,2024-02-27T09:24:55.724578Z,6.0,/ida/hyperspectral/EnMAP/L2A/2024/02/27/DT0000063264/02/ENMAP01-____L2A-DT0000063264_20240227T092453Z_002_V010502_20260219T042015Z/ENMAP01-____L2A-DT0000063264_20240227T092453Z_002_V010502_20260219T042015Z_stac.json,https://download.geoservice.dlr.de/ENMAP/files/L2A/2024/02/27/DT0000063264/02/ENMAP01-____L2A-DT0000063264_20240227T092453Z_002_V010502_20260219T042015Z/ENMAP01-____L2A-DT0000063264_20240227T092453Z_002_V010502_20260219T042015Z-METADATA.XML
izdemir-aliaga,ENMAP01-____L2A-DT0000126537_20250415T093322Z_011_V010502_20250417T210515Z,2025-04-15T09:33:22Z,0.0,/geoservice/repository/ENMAP/L2A/2025/04/15/DT0000126537/11/ENMAP01-____L2A-DT0000126537_20250415T093322Z_011_V010502_20250417T210515Z_stac.json,https://download.geoservice.dlr.de/ENMAP/files/L2A/2025/04/15/DT0000126537/11/ENMAP01-____L2A-DT0000126537_20250415T093322Z_011_V010502_20250417T210515Z-METADATA.XML
izdemir-aliaga,ENMAP01-____L2A-DT0000087645_20240815T093257Z_019_V010402_20240819T094342Z,2024-08-15T09:32:59.357339Z,0.0,/ida/hyperspectral/EnMAP/L2A/2024/08/15/DT0000087645/19/ENMAP01-____L2A-DT0000087645_20240815T093257Z_019_V010402_20240819T094342Z/ENMAP01-____L2A-DT0000087645_20240815T093257Z_019_V010402_20240819T094342Z_stac.json,https://download.geoservice.dlr.de/ENMAP/files/L2A/2024/08/15/DT0000087645/19/ENMAP01-____L2A-DT0000087645_20240815T093257Z_019_V010402_20240819T094342Z/ENMAP01-____L2A-DT0000087645_20240815T093257Z_019_V010402_20240819T094342Z-METADATA.XML
izdemir-aliaga,ENMAP01-____L2A-DT0000087645_20240815T093257Z_019_V010502_20260509T234042Z,2024-08-15T09:32:59.357339Z,0.0,/ida/hyperspectral/EnMAP/L2A/2024/08/15/DT0000087645/19/ENMAP01-____L2A-DT0000087645_20240815T093257Z_019_V010502_20260509T234042Z/ENMAP01-____L2A-DT0000087645_20240815T093257Z_019_V010502_20260509T234042Z_stac.json,https://download.geoservice.dlr.de/ENMAP/files/L2A/2024/08/15/DT0000087645/19/ENMAP01-____L2A-DT0000087645_20240815T093257Z_019_V010502_20260509T234042Z/ENMAP01-____L2A-DT0000087645_20240815T093257Z_019_V010502_20260509T234042Z-METADATA.XML
izdemir-aliaga,ENMAP01-____L2A-DT0000087645_20240815T093252Z_018_V010402_20240819T094342Z,2024-08-15T09:32:54.905235Z,0.0,/ida/hyperspectral/EnMAP/L2A/2024/08/15/DT0000087645/18/ENMAP01-____L2A-DT0000087645_20240815T093252Z_018_V010402_20240819T094342Z/ENMAP01-____L2A-DT0000087645_20240815T093252Z_018_V010402_20240819T094342Z_stac.json,https://download.geoservice.dlr.de/ENMAP/files/L2A/2024/08/15/DT0000087645/18/ENMAP01-____L2A-DT0000087645_20240815T093252Z_018_V010402_20240819T094342Z/ENMAP01-____L2A-DT0000087645_20240815T093252Z_018_V010402_20240819T094342Z-METADATA.XML
izdemir-aliaga,ENMAP01-____L2A-DT0000087645_20240815T093252Z_018_V010502_20260509T234042Z,2024-08-15T09:32:54.905235Z,0.0,/ida/hyperspectral/EnMAP/L2A/2024/08/15/DT0000087645/18/ENMAP01-____L2A-DT0000087645_20240815T093252Z_018_V010502_20260509T234042Z/ENMAP01-____L2A-DT0000087645_20240815T093252Z_018_V010502_20260509T234042Z_stac.json,https://download.geoservice.dlr.de/ENMAP/files/L2A/2024/08/15/DT0000087645/18/ENMAP01-____L2A-DT0000087645_20240815T093252Z_018_V010502_20260509T234042Z/ENMAP01-____L2A-DT0000087645_20240815T093252Z_018_V010502_20260509T234042Z-METADATA.XML
izdemir-aliaga,ENMAP01-____L2A-DT0000012071_20230325T093705Z_002_V010502_20251126T140253Z,2023-03-25T09:37:05Z,0.0,/geoservice/repository/ENMAP/L2A/2023/03/25/DT0000012071/02/ENMAP01-____L2A-DT0000012071_20230325T093705Z_002_V010502_20251126T140253Z_stac.json,https://download.geoservice.dlr.de/ENMAP/files/L2A/2023/03/25/DT0000012071/02/ENMAP01-____L2A-DT0000012071_20230325T093705Z_002_V010502_20251126T140253Z-METADATA.XML
assan-tuzla,ENMAP01-____L2A-DT0000164236_20251117T093231Z_005_V010505_20251119T042541Z,2025-11-17T09:32:31Z,1.0,/geoservice/repository/ENMAP/L2A/2025/11/17/DT0000164236/05/ENMAP01-____L2A-DT0000164236_20251117T093231Z_005_V010505_20251119T042541Z_stac.json,https://download.geoservice.dlr.de/ENMAP/files/L2A/2025/11/17/DT0000164236/05/ENMAP01-____L2A-DT0000164236_20251117T093231Z_005_V010505_20251119T042541Z-METADATA.XML
assan-tuzla,ENMAP01-____L2A-DT0000050962_20231115T092932Z_005_V010502_20250225T151149Z,2023-11-15T09:29:32Z,0.0,/geoservice/repository/ENMAP/L2A/2023/11/15/DT0000050962/05/ENMAP01-____L2A-DT0000050962_20231115T092932Z_005_V010502_20250225T151149Z_stac.json,https://download.geoservice.dlr.de/ENMAP/files/L2A/2023/11/15/DT0000050962/05/ENMAP01-____L2A-DT0000050962_20231115T092932Z_005_V010502_20250225T151149Z-METADATA.XML
assan-tuzla,ENMAP01-____L2A-DT0000050962_20231115T092932Z_005_V010502_20260111T191320Z,2023-11-15T09:29:32Z,0.0,/geoservice/repository/ENMAP/L2A/2023/11/15/DT0000050962/05/ENMAP01-____L2A-DT0000050962_20231115T092932Z_005_V010502_20260111T191320Z_stac.json,https://download.geoservice.dlr.de/ENMAP/files/L2A/2023/11/15/DT0000050962/05/ENMAP01-____L2A-DT0000050962_20231115T092932Z_005_V010502_20260111T191320Z-METADATA.XML
assan-tuzla,ENMAP01-____L2A-DT0000050962_20231115T092928Z_004_V010502_20250225T150647Z,2023-11-15T09:29:28Z,3.0,/geoservice/repository/ENMAP/L2A/2023/11/15/DT0000050962/04/ENMAP01-____L2A-DT0000050962_20231115T092928Z_004_V010502_20250225T150647Z_stac.json,https://download.geoservice.dlr.de/ENMAP/files/L2A/2023/11/15/DT0000050962/04/ENMAP01-____L2A-DT0000050962_20231115T092928Z_004_V010502_20250225T150647Z-METADATA.XML
assan-tuzla,ENMAP01-____L2A-DT0000050962_20231115T092928Z_004_V010502_20260111T185817Z,2023-11-15T09:29:28Z,3.0,/geoservice/repository/ENMAP/L2A/2023/11/15/DT0000050962/04/ENMAP01-____L2A-DT0000050962_20231115T092928Z_004_V010502_20260111T185817Z_stac.json,https://download.geoservice.dlr.de/ENMAP/files/L2A/2023/11/15/DT0000050962/04/ENMAP01-____L2A-DT0000050962_20231115T092928Z_004_V010502_20260111T185817Z-METADATA.XML
asas-akyazi,ENMAP01-____L2A-DT0000041980_20230914T092235Z_003_V010502_20250213T033454Z,2023-09-14T09:22:35Z,0.0,/geoservice/repository/ENMAP/L2A/2023/09/14/DT0000041980/03/ENMAP01-____L2A-DT0000041980_20230914T092235Z_003_V010502_20250213T033454Z_stac.json,https://download.geoservice.dlr.de/ENMAP/files/L2A/2023/09/14/DT0000041980/03/ENMAP01-____L2A-DT0000041980_20230914T092235Z_003_V010502_20250213T033454Z-METADATA.XML
asas-akyazi,ENMAP01-____L2A-DT0000041980_20230914T092231Z_002_V010502_20250213T033222Z,2023-09-14T09:22:31Z,0.0,/geoservice/repository/ENMAP/L2A/2023/09/14/DT0000041980/02/ENMAP01-____L2A-DT0000041980_20230914T092231Z_002_V010502_20250213T033222Z_stac.json,https://download.geoservice.dlr.de/ENMAP/files/L2A/2023/09/14/DT0000041980/02/ENMAP01-____L2A-DT0000041980_20230914T092231Z_002_V010502_20250213T033222Z-METADATA.XML
asas-akyazi,ENMAP01-____L2A-DT0000041980_20230914T092231Z_002_V010502_20260102T185958Z,2023-09-14T09:22:31Z,0.0,/geoservice/repository/ENMAP/L2A/2023/09/14/DT0000041980/02/ENMAP01-____L2A-DT0000041980_20230914T092231Z_002_V010502_20260102T185958Z_stac.json,https://download.geoservice.dlr.de/ENMAP/files/L2A/2023/09/14/DT0000041980/02/ENMAP01-____L2A-DT0000041980_20230914T092231Z_002_V010502_20260102T185958Z-METADATA.XML
toros-mersin,ENMAP01-____L2A-DT0000141553_20250708T091155Z_019_V010502_20250711T022201Z,2025-07-08T09:11:55Z,0.0,/geoservice/repository/ENMAP/L2A/2025/07/08/DT0000141553/19/ENMAP01-____L2A-DT0000141553_20250708T091155Z_019_V010502_20250711T022201Z_stac.json,https://download.geoservice.dlr.de/ENMAP/files/L2A/2025/07/08/DT0000141553/19/ENMAP01-____L2A-DT0000141553_20250708T091155Z_019_V010502_20250711T022201Z-METADATA.XML
toros-mersin,ENMAP01-____L2A-DT0000141553_20250708T091150Z_018_V010502_20250711T022201Z,2025-07-08T09:11:50Z,3.0,/geoservice/repository/ENMAP/L2A/2025/07/08/DT0000141553/18/ENMAP01-____L2A-DT0000141553_20250708T091150Z_018_V010502_20250711T022201Z_stac.json,https://download.geoservice.dlr.de/ENMAP/files/L2A/2025/07/08/DT0000141553/18/ENMAP01-____L2A-DT0000141553_20250708T091150Z_018_V010502_20250711T022201Z-METADATA.XML
toros-samsun,ENMAP01-____L2A-DT0000141553_20250708T091039Z_002_V010502_20250711T021726Z,2025-07-08T09:10:39Z,0.0,/geoservice/repository/ENMAP/L2A/2025/07/08/DT0000141553/02/ENMAP01-____L2A-DT0000141553_20250708T091039Z_002_V010502_20250711T021726Z_stac.json,https://download.geoservice.dlr.de/ENMAP/files/L2A/2025/07/08/DT0000141553/02/ENMAP01-____L2A-DT0000141553_20250708T091039Z_002_V010502_20250711T021726Z-METADATA.XML
toros-samsun,ENMAP01-____L2A-DT0000141553_20250708T091035Z_001_V010502_20250711T021719Z,2025-07-08T09:10:35Z,0.0,/geoservice/repository/ENMAP/L2A/2025/07/08/DT0000141553/01/ENMAP01-____L2A-DT0000141553_20250708T091035Z_001_V010502_20250711T021719Z_stac.json,https://download.geoservice.dlr.de/ENMAP/files/L2A/2025/07/08/DT0000141553/01/ENMAP01-____L2A-DT0000141553_20250708T091035Z_001_V010502_20250711T021719Z-METADATA.XML
toros-ceyhan,ENMAP01-____L2A-DT0000165586_20251127T085346Z_011_V010505_20251129T032908Z,2025-11-27T08:53:46Z,0.0,/geoservice/repository/ENMAP/L2A/2025/11/27/DT0000165586/11/ENMAP01-____L2A-DT0000165586_20251127T085346Z_011_V010505_20251129T032908Z_stac.json,https://download.geoservice.dlr.de/ENMAP/files/L2A/2025/11/27/DT0000165586/11/ENMAP01-____L2A-DT0000165586_20251127T085346Z_011_V010505_20251129T032908Z-METADATA.XML
gubretas-izmit,ENMAP01-____L2A-DT0000172649_20260106T092922Z_004_V010505_20260107T183756Z,2026-01-06T09:29:22Z,15.0,/geoservice/repository/ENMAP/L2A/2026/01/06/DT0000172649/04/ENMAP01-____L2A-DT0000172649_20260106T092922Z_004_V010505_20260107T183756Z_stac.json,https://download.geoservice.dlr.de/ENMAP/files/L2A/2026/01/06/DT0000172649/04/ENMAP01-____L2A-DT0000172649_20260106T092922Z_004_V010505_20260107T183756Z-METADATA.XML
gubretas-izmit,ENMAP01-____L2A-DT0000094515_20240926T092134Z_001_V010402_20240927T025537Z,2024-09-26T09:21:34Z,0.0,https://geoservice.dlr.de/eoc/ogc/stac/v1/collections/ENMAP_HSI_L2A/items/ENMAP01-____L2A-DT0000094515_20240926T092134Z_001_V010402_20240927T025537Z,https://download.geoservice.dlr.de/ENMAP/files/L2A/2024/09/26/DT0000094515/01/ENMAP01-____L2A-DT0000094515_20240926T092134Z_001_V010402_20240927T025537Z-METADATA.XML
gubretas-izmit,ENMAP01-____L2A-DT0000094515_20240926T092134Z_001_V010502_20260524T160231Z,2024-09-26T09:21:37.095214Z,0.0,/ida/hyperspectral/EnMAP/L2A/2024/09/26/DT0000094515/01/ENMAP01-____L2A-DT0000094515_20240926T092134Z_001_V010502_20260524T160231Z/ENMAP01-____L2A-DT0000094515_20240926T092134Z_001_V010502_20260524T160231Z_stac.json,https://download.geoservice.dlr.de/ENMAP/files/L2A/2024/09/26/DT0000094515/01/ENMAP01-____L2A-DT0000094515_20240926T092134Z_001_V010502_20260524T160231Z/ENMAP01-____L2A-DT0000094515_20240926T092134Z_001_V010502_20260524T160231Z-METADATA.XML
gubretas-izmit,ENMAP01-____L2A-DT0000088481_20240819T093606Z_001_V010402_20240819T231511Z,2024-08-19T09:36:09.111246Z,1.0,/ida/hyperspectral/EnMAP/L2A/2024/08/19/DT0000088481/01/ENMAP01-____L2A-DT0000088481_20240819T093606Z_001_V010402_20240819T231511Z/ENMAP01-____L2A-DT0000088481_20240819T093606Z_001_V010402_20240819T231511Z_stac.json,https://download.geoservice.dlr.de/ENMAP/files/L2A/2024/08/19/DT0000088481/01/ENMAP01-____L2A-DT0000088481_20240819T093606Z_001_V010402_20240819T231511Z/ENMAP01-____L2A-DT0000088481_20240819T093606Z_001_V010402_20240819T231511Z-METADATA.XML
gubretas-izmit,ENMAP01-____L2A-DT0000088481_20240819T093606Z_001_V010502_20260511T034648Z,2024-08-19T09:36:09.111246Z,1.0,/ida/hyperspectral/EnMAP/L2A/2024/08/19/DT0000088481/01/ENMAP01-____L2A-DT0000088481_20240819T093606Z_001_V010502_20260511T034648Z/ENMAP01-____L2A-DT0000088481_20240819T093606Z_001_V010502_20260511T034648Z_stac.json,https://download.geoservice.dlr.de/ENMAP/files/L2A/2024/08/19/DT0000088481/01/ENMAP01-____L2A-DT0000088481_20240819T093606Z_001_V010502_20260511T034648Z/ENMAP01-____L2A-DT0000088481_20240819T093606Z_001_V010502_20260511T034648Z-METADATA.XML
gubretas-izmit,ENMAP01-____L2A-DT0000062521_20240223T092139Z_004_V010502_20260217T125944Z,2024-02-23T09:21:41.606143Z,1.0,/ida/hyperspectral/EnMAP/L2A/2024/02/23/DT0000062521/04/ENMAP01-____L2A-DT0000062521_20240223T092139Z_004_V010502_20260217T125944Z/ENMAP01-____L2A-DT0000062521_20240223T092139Z_004_V010502_20260217T125944Z_stac.json,https://download.geoservice.dlr.de/ENMAP/files/L2A/2024/02/23/DT0000062521/04/ENMAP01-____L2A-DT0000062521_20240223T092139Z_004_V010502_20260217T125944Z/ENMAP01-____L2A-DT0000062521_20240223T092139Z_004_V010502_20260217T125944Z-METADATA.XML
gubretas-izmit,ENMAP01-____L2A-DT0000062521_20240223T092134Z_003_V010502_20260217T124728Z,2024-02-23T09:21:37.154039Z,1.0,/ida/hyperspectral/EnMAP/L2A/2024/02/23/DT0000062521/03/ENMAP01-____L2A-DT0000062521_20240223T092134Z_003_V010502_20260217T124728Z/ENMAP01-____L2A-DT0000062521_20240223T092134Z_003_V010502_20260217T124728Z_stac.json,https://download.geoservice.dlr.de/ENMAP/files/L2A/2024/02/23/DT0000062521/03/ENMAP01-____L2A-DT0000062521_20240223T092134Z_003_V010502_20260217T124728Z/ENMAP01-____L2A-DT0000062521_20240223T092134Z_003_V010502_20260217T124728Z-METADATA.XML
bagfas-bandirma,ENMAP01-____L2A-DT0000133841_20250604T092945Z_005_V010502_20250606T170451Z,2025-06-04T09:29:45Z,0.0,/geoservice/repository/ENMAP/L2A/2025/06/04/DT0000133841/05/ENMAP01-____L2A-DT0000133841_20250604T092945Z_005_V010502_20250606T170451Z_stac.json,https://download.geoservice.dlr.de/ENMAP/files/L2A/2025/06/04/DT0000133841/05/ENMAP01-____L2A-DT0000133841_20250604T092945Z_005_V010502_20250606T170451Z-METADATA.XML
bagfas-bandirma,ENMAP01-____L2A-DT0000083941_20240715T092922Z_001_V010402_20240716T141318Z,2024-07-15T09:29:25.167764Z,1.0,/ida/hyperspectral/EnMAP/L2A/2024/07/15/DT0000083941/01/ENMAP01-____L2A-DT0000083941_20240715T092922Z_001_V010402_20240716T141318Z/ENMAP01-____L2A-DT0000083941_20240715T092922Z_001_V010402_20240716T141318Z_stac.json,https://download.geoservice.dlr.de/ENMAP/files/L2A/2024/07/15/DT0000083941/01/ENMAP01-____L2A-DT0000083941_20240715T092922Z_001_V010402_20240716T141318Z/ENMAP01-____L2A-DT0000083941_20240715T092922Z_001_V010402_20240716T141318Z-METADATA.XML
bagfas-bandirma,ENMAP01-____L2A-DT0000083941_20240715T092922Z_001_V010502_20260426T012634Z,2024-07-15T09:29:25.167764Z,1.0,/ida/hyperspectral/EnMAP/L2A/2024/07/15/DT0000083941/01/ENMAP01-____L2A-DT0000083941_20240715T092922Z_001_V010502_20260426T012634Z/ENMAP01-____L2A-DT0000083941_20240715T092922Z_001_V010502_20260426T012634Z_stac.json,https://download.geoservice.dlr.de/ENMAP/files/L2A/2024/07/15/DT0000083941/01/ENMAP01-____L2A-DT0000083941_20240715T092922Z_001_V010502_20260426T012634Z/ENMAP01-____L2A-DT0000083941_20240715T092922Z_001_V010502_20260426T012634Z-METADATA.XML
bagfas-bandirma,ENMAP01-____L2A-DT0000040578_20230907T094042Z_005_V010502_20251231T181649Z,2023-09-07T09:40:42Z,14.0,/geoservice/repository/ENMAP/L2A/2023/09/07/DT0000040578/05/ENMAP01-____L2A-DT0000040578_20230907T094042Z_005_V010502_20251231T181649Z_stac.json,https://download.geoservice.dlr.de/ENMAP/files/L2A/2023/09/07/DT0000040578/05/ENMAP01-____L2A-DT0000040578_20230907T094042Z_005_V010502_20251231T181649Z-METADATA.XML
afyon-cimento,ENMAP01-____L2A-DT0000144634_20250724T092541Z_011_V010502_20250727T035624Z,2025-07-24T09:25:41Z,0.0,/geoservice/repository/ENMAP/L2A/2025/07/24/DT0000144634/11/ENMAP01-____L2A-DT0000144634_20250724T092541Z_011_V010502_20250727T035624Z_stac.json,https://download.geoservice.dlr.de/ENMAP/files/L2A/2025/07/24/DT0000144634/11/ENMAP01-____L2A-DT0000144634_20250724T092541Z_011_V010502_20250727T035624Z-METADATA.XML
afyon-cimento,ENMAP01-____L2A-DT0000144634_20250724T092536Z_010_V010502_20250727T035613Z,2025-07-24T09:25:36Z,0.0,/geoservice/repository/ENMAP/L2A/2025/07/24/DT0000144634/10/ENMAP01-____L2A-DT0000144634_20250724T092536Z_010_V010502_20250727T035613Z_stac.json,https://download.geoservice.dlr.de/ENMAP/files/L2A/2025/07/24/DT0000144634/10/ENMAP01-____L2A-DT0000144634_20250724T092536Z_010_V010502_20250727T035613Z-METADATA.XML
afyon-cimento,ENMAP01-____L2A-DT0000091529_20240830T092245Z_012_V010402_20240903T011128Z,2024-08-30T09:22:45Z,19.0,https://geoservice.dlr.de/eoc/ogc/stac/v1/collections/ENMAP_HSI_L2A/items/ENMAP01-____L2A-DT0000091529_20240830T092245Z_012_V010402_20240903T011128Z,https://download.geoservice.dlr.de/ENMAP/files/L2A/2024/08/30/DT0000091529/12/ENMAP01-____L2A-DT0000091529_20240830T092245Z_012_V010402_20240903T011128Z-METADATA.XML
afyon-cimento,ENMAP01-____L2A-DT0000091529_20240830T092245Z_012_V010502_20260515T071232Z,2024-08-30T09:22:47.404064Z,19.0,/ida/hyperspectral/EnMAP/L2A/2024/08/30/DT0000091529/12/ENMAP01-____L2A-DT0000091529_20240830T092245Z_012_V010502_20260515T071232Z/ENMAP01-____L2A-DT0000091529_20240830T092245Z_012_V010502_20260515T071232Z_stac.json,https://download.geoservice.dlr.de/ENMAP/files/L2A/2024/08/30/DT0000091529/12/ENMAP01-____L2A-DT0000091529_20240830T092245Z_012_V010502_20260515T071232Z/ENMAP01-____L2A-DT0000091529_20240830T092245Z_012_V010502_20260515T071232Z-METADATA.XML
afyon-cimento,ENMAP01-____L2A-DT0000091529_20240830T092240Z_011_V010402_20240903T010930Z,2024-08-30T09:22:40Z,8.0,https://geoservice.dlr.de/eoc/ogc/stac/v1/collections/ENMAP_HSI_L2A/items/ENMAP01-____L2A-DT0000091529_20240830T092240Z_011_V010402_20240903T010930Z,https://download.geoservice.dlr.de/ENMAP/files/L2A/2024/08/30/DT0000091529/11/ENMAP01-____L2A-DT0000091529_20240830T092240Z_011_V010402_20240903T010930Z-METADATA.XML
afyon-cimento,ENMAP01-____L2A-DT0000091529_20240830T092240Z_011_V010502_20260515T071209Z,2024-08-30T09:22:42.951965Z,8.0,/ida/hyperspectral/EnMAP/L2A/2024/08/30/DT0000091529/11/ENMAP01-____L2A-DT0000091529_20240830T092240Z_011_V010502_20260515T071209Z/ENMAP01-____L2A-DT0000091529_20240830T092240Z_011_V010502_20260515T071209Z_stac.json,https://download.geoservice.dlr.de/ENMAP/files/L2A/2024/08/30/DT0000091529/11/ENMAP01-____L2A-DT0000091529_20240830T092240Z_011_V010502_20260515T071209Z/ENMAP01-____L2A-DT0000091529_20240830T092240Z_011_V010502_20260515T071209Z-METADATA.XML
afyon-cimento,ENMAP01-____L2A-DT0000036642_20230826T092948Z_010_V010502_20251228T162354Z,2023-08-26T09:29:48Z,0.0,/geoservice/repository/ENMAP/L2A/2023/08/26/DT0000036642/10/ENMAP01-____L2A-DT0000036642_20230826T092948Z_010_V010502_20251228T162354Z_stac.json,https://download.geoservice.dlr.de/ENMAP/files/L2A/2023/08/26/DT0000036642/10/ENMAP01-____L2A-DT0000036642_20230826T092948Z_010_V010502_20251228T162354Z-METADATA.XML
afyon-cimento,ENMAP01-____L2A-DT0000007564_20230214T202151Z_006_V010502_20251117T212904Z,2023-02-14T20:21:51Z,0.0,/geoservice/repository/ENMAP/L2A/2023/02/14/DT0000007564/06/ENMAP01-____L2A-DT0000007564_20230214T202151Z_006_V010502_20251117T212904Z_stac.json,https://download.geoservice.dlr.de/ENMAP/files/L2A/2023/02/14/DT0000007564/06/ENMAP01-____L2A-DT0000007564_20230214T202151Z_006_V010502_20251117T212904Z-METADATA.XML
batisoke-soke,ENMAP01-____L2A-DT0000146188_20250805T093650Z_015_V010502_20250808T232325Z,2025-08-05T09:36:50Z,0.0,/geoservice/repository/ENMAP/L2A/2025/08/05/DT0000146188/15/ENMAP01-____L2A-DT0000146188_20250805T093650Z_015_V010502_20250808T232325Z_stac.json,https://download.geoservice.dlr.de/ENMAP/files/L2A/2025/08/05/DT0000146188/15/ENMAP01-____L2A-DT0000146188_20250805T093650Z_015_V010502_20250808T232325Z-METADATA.XML
batisoke-soke,ENMAP01-____L2A-DT0000133841_20250604T093030Z_015_V010502_20250606T171306Z,2025-06-04T09:30:30Z,0.0,/geoservice/repository/ENMAP/L2A/2025/06/04/DT0000133841/15/ENMAP01-____L2A-DT0000133841_20250604T093030Z_015_V010502_20250606T171306Z_stac.json,https://download.geoservice.dlr.de/ENMAP/files/L2A/2025/06/04/DT0000133841/15/ENMAP01-____L2A-DT0000133841_20250604T093030Z_015_V010502_20250606T171306Z-METADATA.XML
batisoke-soke,ENMAP01-____L2A-DT0000042704_20230918T092659Z_008_V010502_20250213T153547Z,2023-09-18T09:26:59Z,0.0,/geoservice/repository/ENMAP/L2A/2023/09/18/DT0000042704/08/ENMAP01-____L2A-DT0000042704_20230918T092659Z_008_V010502_20250213T153547Z_stac.json,https://download.geoservice.dlr.de/ENMAP/files/L2A/2023/09/18/DT0000042704/08/ENMAP01-____L2A-DT0000042704_20230918T092659Z_008_V010502_20250213T153547Z-METADATA.XML
batisoke-soke,ENMAP01-____L2A-DT0000042704_20230918T092659Z_008_V010502_20260104T001243Z,2023-09-18T09:26:59Z,0.0,/geoservice/repository/ENMAP/L2A/2023/09/18/DT0000042704/08/ENMAP01-____L2A-DT0000042704_20230918T092659Z_008_V010502_20260104T001243Z_stac.json,https://download.geoservice.dlr.de/ENMAP/files/L2A/2023/09/18/DT0000042704/08/ENMAP01-____L2A-DT0000042704_20230918T092659Z_008_V010502_20260104T001243Z-METADATA.XML
batisoke-soke,ENMAP01-____L2A-DT0000040578_20230907T094127Z_015_V010502_20251231T183826Z,2023-09-07T09:41:27Z,0.0,/geoservice/repository/ENMAP/L2A/2023/09/07/DT0000040578/15/ENMAP01-____L2A-DT0000040578_20230907T094127Z_015_V010502_20251231T183826Z_stac.json,https://download.geoservice.dlr.de/ENMAP/files/L2A/2023/09/07/DT0000040578/15/ENMAP01-____L2A-DT0000040578_20230907T094127Z_015_V010502_20251231T183826Z-METADATA.XML
